{"cameraMode":{"drawMode":0,"name":"Shaded","section":"Shading Mode"},"sceneLighting":true,"audioPlay":false,"sceneViewState":{"m_AlwaysRefresh":false,"showFog":true,"showSkybox":true,"showFlares":true,"showImageEffects":true,"showParticleSystems":true,"showVisualEffectGraphs":true,"m_FxEnabled":true},"in2DMode":false,"pivot":{"x":5.428739547729492,"y":1.0776528120040894,"z":7.575982093811035},"rotation":{"x":0.042006175965070727,"y":-0.9433607459068298,"z":0.13131430745124818,"w":0.30177488923072817},"size":0.8660253882408142,"orthographic":false}