{"cameraMode":{"drawMode":0,"name":"Shaded","section":"Shading Mode"},"sceneLighting":true,"audioPlay":false,"sceneViewState":{"m_AlwaysRefresh":false,"showFog":true,"showSkybox":true,"showFlares":true,"showImageEffects":true,"showParticleSystems":true,"showVisualEffectGraphs":true,"m_FxEnabled":true},"in2DMode":false,"pivot":{"x":859.0904541015625,"y":1.2273608446121216,"z":738.8619995117188},"rotation":{"x":0.008497746661305428,"y":0.9800514578819275,"z":-0.04296344146132469,"w":0.1938765048980713},"size":0.9663330316543579,"orthographic":false}